parameter,country_0,country_1
mean,35.347826086956516,109.85217391304349
