parameter,province_0,province_1,province_2,province_3,province_4,province_5
mean,1.8521739130434782,9.71304347826087,23.782608695652172,36.71739130434783,38.686956521739134,34.447826086956525
