parameter,region_0,region_1,region_2,region_3,region_4,region_5,region_6,region_7,region_8,region_9,region_10,region_11,region_12,region_13,region_14,region_15,region_16,region_17,region_18,region_19,region_20,region_21,region_22,region_23
mean,0.1,0.6173913043478261,1.1347826086956523,1.6521739130434785,2.1695652173913045,2.6869565217391305,3.204347826086957,3.721739130434783,4.239130434782608,4.756521739130434,5.27391304347826,5.791304347826086,6.308695652173913,6.826086956521739,7.343478260869565,7.860869565217391,8.378260869565217,8.895652173913044,9.41304347826087,9.930434782608696,10.447826086956521,10.965217391304348,11.482608695652173,12.0
