parameter,country_0,country_1
mu,31.36070659439917,52.69743795201189
