parameter,country_0,country_1
mean,84.05814454641106,228.99932404837182
