parameter,province_0,province_1,province_2
mu,7.529374210826339,23.83133238357283,52.69743795201189
