parameter,province_0,province_1,province_2,province_3,province_4,province_5
mean,7.529374210826339,23.83133238357283,52.69743795201189,77.90170820333454,80.03963982982924,71.05797601520806
