parameter,region_0,region_1,region_2,region_3,region_4,region_5,region_6,region_7,region_8,region_9,region_10,region_11
mu,1.4799027202041755,2.895643396488855,3.153828094133309,4.460922704510041,5.476777498592829,6.378632678541725,7.514999501928235,8.063924443006453,9.746634412931863,10.667129758392754,11.273684587697328,12.946064749983483
sigma,0.40133294399834496,0.5033001901249399,0.767227025101271,1.1702772706024493,1.3514350513942346,1.6152712870996562,1.9639506829986175,2.2266257948450643,2.3012089555959885,2.5935338989353034,2.965670611266603,3.1928987650511966
