parameter,region_0,region_1,region_2,region_3,region_4,region_5,region_6,region_7,region_8,region_9,region_10,region_11,region_12,region_13,region_14,region_15,region_16,region_17,region_18,region_19,region_20,region_21,region_22,region_23
mean,1.4799027202041755,2.895643396488855,3.153828094133309,4.460922704510041,5.476777498592829,6.378632678541725,7.514999501928235,8.063924443006453,9.746634412931863,10.667129758392754,11.273684587697328,12.946064749983483,13.591731961652266,14.91628289576619,15.49850260064501,16.160120077740796,17.735070667530263,18.86746032298007,19.256070249868923,20.59992258107251,21.316186675907748,22.85862116816372,23.78343201516261,24.415922831881737
std,0.40133294399834496,0.5033001901249399,0.767227025101271,1.1702772706024493,1.3514350513942346,1.6152712870996562,1.9639506829986175,2.2266257948450643,2.3012089555959885,2.5935338989353034,2.965670611266603,3.1928987650511966,3.415239444429217,3.610237835816702,3.977566811386801,4.12628226295196,4.39036206195655,4.6990598680717035,4.864063566448865,5.04277142648589,5.2757410441921655,5.559449846999357,5.915087258870692,6.024974723621896
var,0.16106813193837868,0.25331108137980063,0.5886373080457464,1.3695488900887185,1.8263766981369374,2.60910133092858,3.857102285250736,4.957862430269414,5.29556265731518,6.726418084926556,8.795202174530425,10.194602523865457,11.663860462785188,13.033817231162466,15.821037739045762,17.02620531355195,19.275279035067367,22.081163643722057,23.659114378455257,25.429543659782542,27.83344356537384,30.907482601301172,34.98825728005439,36.300320420282745
