parameter,region_0,region_1,region_2,region_3,region_4,region_5,region_6,region_7,region_8,region_9,region_10,region_11,region_12,region_13,region_14,region_15,region_16,region_17,region_18,region_19,region_20,region_21,region_22,region_23
mean,8.238735362654282,9.869313087913937,13.64336415435511,2.1716098864968707,3.9997652237330197,2.8958053052660935,7.991995158630528,10.854418071327364,8.198107481706767,7.274622672500193,6.922224821042421,7.994106929182121,8.694993525067062,13.125435515928114,2.8310177590838927,13.784541331943338,11.70624736811422,4.662865690991397,10.672686859105806,6.863762744635769,5.557899640065262,13.214871785863362,14.298841749785291,12.03073578266222
var,0.8024973943260378,1.911709396449817,1.929023958027556,1.2142605543233576,3.331807498025652,0.38125603769180216,0.38715896845217845,1.4021045709965276,1.5841195073805843,0.7904724468105736,3.0433940441680782,0.24658801174472697,3.232377992860173,1.7565802568150661,0.40776230917020745,0.6698331570243945,0.43328177009682906,0.9005372643514906,3.791188275911702,0.8703188101620905,0.7123747419626638,1.3470760803544652,2.365871547384631,0.7041555744101048
std,0.8958221890118808,1.38264579572999,1.3888930693280732,1.1019349138326444,1.8253239433113377,0.617459340921977,0.6222209964732615,1.1841049662071887,1.2586180943322658,0.8890851741034566,1.7445326148192468,0.4965762899542496,1.7978815291503978,1.3253604252485685,0.6385626900862651,0.818433355273595,0.6582414223496035,0.9489664189798765,1.9470973976439139,0.9329087898407273,0.8440229510876253,1.1606360671435578,1.5381389883182308,0.8391397824022555
