parameter,region_0,region_1,region_2,region_3,region_4,region_5,region_6,region_7,region_8,region_9,region_10,region_11,region_12,region_13,region_14,region_15,region_16,region_17,region_18,region_19,region_20,region_21,region_22,region_23
mean,8.238735362654282,9.869313087913937,13.64336415435511,2.1716098864968707,3.9997652237330197,2.8958053052660935,7.991995158630528,10.854418071327364,8.198107481706767,7.274622672500193,6.922224821042421,7.994106929182121,8.694993525067062,13.125435515928114,2.8310177590838927,13.784541331943338,11.70624736811422,4.662865690991397,10.672686859105806,6.863762744635769,5.557899640065262,13.214871785863362,14.298841749785291,12.03073578266222
var,2.393318768545064,1.2277983678699524,1.3459749870563202,1.239920915763339,1.019853541095825,2.71375374025399,0.5025213025435444,2.7432342257763898,1.2971807630651133,1.5998175081388173,0.6041515440923422,0.6726391940501709,3.5540984133623894,0.7385769528533042,1.3640674682720337,1.0056768517419252,1.2925007529514225,0.5515681359931648,0.9305512273737635,0.8701946428867451,3.9179753650196574,1.9643989729348992,1.9875720196749984,0.7965788778537027
std,1.547035477468136,1.108060633661332,1.1601616210926478,1.113517362129275,1.0098779832711597,1.6473474861892345,0.7088873694343443,1.6562711812310174,1.1389384369074183,1.2648389257683434,0.7772718598356319,0.8201458370620258,1.8852316603967771,0.8594049993183098,1.1679329896325532,1.0028344089339603,1.136882031237816,0.7426763332658209,0.9646508318421559,0.9328422390129775,1.9793876237411554,1.4015701812377785,1.4098127605022586,0.8925126765787155
