parameter,province_0,province_1,province_2,province_3,province_4,province_5
mean,31.75141260492333,17.05917557412651,41.243479975758866,50.14223550013662,27.75721493479823,39.544449318310875
var,4.643230748803411,5.31448305849299,7.066678581100491,6.49983548596667,6.274419092387946,4.4171032021492005
std,2.154815711100003,2.305316259972369,2.658322512619658,2.5494774927358486,2.504879057437294,2.101690558133904
