parameter,province_0,province_1,province_2,province_3,province_4,province_5
mean,31.75141260492333,17.05917557412651,41.243479975758866,50.14223550013662,27.75721493479823,39.544449318310875
var,4.967092123471336,5.476049499656699,6.917023235122833,7.954920439181075,6.27028937127333,4.7485498704636
std,2.2286974050936874,2.3400960449641164,2.630023428626223,2.8204468509761136,2.5040545863206196,2.1791167638434614
