parameter,province_0,province_1,province_2,province_3,province_4,province_5
mean,31.75141260492333,17.05917557412651,41.243479975758866,50.14223550013662,27.75721493479823,39.544449318310875
var,3.8985814183473098,6.015391245164329,6.6289055549145255,7.297270968739649,5.718592715616625,4.508476556591156
std,1.974482569775512,2.4526294553324455,2.5746661055201945,2.7013461401197087,2.391357922941822,2.123317347122459
