parameter,region_0,region_1,region_2,region_3,region_4,region_5,region_6,region_7,region_8,region_9,region_10,region_11,region_12,region_13,region_14,region_15,region_16,region_17,region_18,region_19,region_20,region_21,region_22,region_23
mean,8.238735362654282,9.869313087913937,13.64336415435511,2.1716098864968707,3.9997652237330197,2.8958053052660935,7.991995158630528,10.854418071327364,8.198107481706767,7.274622672500193,6.922224821042421,7.994106929182121,8.694993525067062,13.125435515928114,2.8310177590838927,13.784541331943338,11.70624736811422,4.662865690991397,10.672686859105806,6.863762744635769,5.557899640065262,13.214871785863362,14.298841749785291,12.03073578266222
var,0.31055494589368454,2.8084764372119038,0.7795500352417213,1.2817833244388828,2.551153681500855,0.8038157265996198,1.3786385126249714,0.549051816387865,2.0640717013328356,1.269573256998155,2.3191160106153696,0.42709276958029985,1.7562821796187102,0.7852872497792031,2.8805602545836435,0.48566482538030503,1.3894764593777869,2.748341893431385,0.5932933180864802,1.0115936084239008,1.3653638956748595,0.43815844044114266,3.065942129555014,1.0043759865949995
std,0.5572745695738184,1.6758509591284971,0.8829213075023851,1.1321587010834138,1.5972331331088945,0.8965577095756969,1.1741543819383256,0.7409803076923603,1.4366877535960398,1.1267534144603935,1.5228644097933899,0.6535233504476331,1.3252479691056729,0.886164346935264,1.6972213334104789,0.6968965672037027,1.178760560664373,1.6578123818548904,0.770255359011854,1.0057800994371984,1.1684878671491885,0.6619353748223029,1.7509831893981775,1.0021856048631907
