parameter,region_0,region_1,region_2,region_3,region_4,region_5,region_6,region_7,region_8,region_9,region_10,region_11,region_12,region_13,region_14,region_15,region_16,region_17,region_18,region_19,region_20,region_21,region_22,region_23
mean,10.63824896367516,12.895971967880836,18.12158113679938,2.237613688995667,4.768905694399566,3.240345807291514,10.29660868118073,14.259963483376351,10.58199497467091,9.303323700384883,8.815388213751044,10.299532671175244,11.26999103470824,17.404449175900467,3.1506399741161593,18.31705722884462,15.439419432773535,5.687044802911164,14.008335651069578,8.734440723341834,6.926322578551901,17.528284011195424,19.02916549970271,15.88871108368615
var,5.479145165420831,7.616768979652455,9.56654983667924,7.118447011655739,9.508738946484515,15.332829186638888,4.752518381757156,8.43723280579504,6.671670471377917,7.0121651238612905,5.298656582037367,4.152539706447722,0.19861496330633766,8.404002456340603,0.01075225293294228,2.403047949926093,2.903897966283194,2.795623117884482,10.453247346655713,4.332849307448475,10.157035425157185,9.813754781905697,0.3022361331116907,1.853956308870864
std,2.340757391405788,2.7598494487294873,3.0929839696770562,2.6680417934612155,3.083624319933366,3.9157156672361806,2.1800271516100795,2.9046915164600593,2.5829576983330402,2.6480493054060172,2.301881096416009,2.0377781298384083,0.44566238713440653,2.898965756324245,0.10369307080486274,1.5501767479633066,1.7040827345769318,1.672011697891041,3.233148209818986,2.081549736962457,3.1870104212501698,3.132691300129283,0.5497600686769554,1.3616006422115348
