parameter,province_0,province_1,province_2,province_3,province_4,province_5
mean,41.65580206835538,20.543473871867477,53.26020304335842,65.58155684634302,35.35614375587448,52.446160594584285
var,22.662463981752524,36.7125335265363,31.572264689519336,13.920315588789169,27.738755197145856,11.969947223888251
std,4.760510895035587,6.059086855833666,5.618920242316965,3.7309939143329047,5.266759458827207,3.45976115127739
