parameter,country_0,country_1
mean,90.0540681548087,117.44389975324572
