parameter,region_0,region_1,region_2,region_3,region_4,region_5,region_6,region_7,region_8,region_9,region_10,region_11,region_12,region_13,region_14,region_15,region_16,region_17,region_18,region_19,region_20,region_21,region_22,region_23
mean,10.63824896367516,12.895971967880836,18.12158113679938,2.237613688995667,4.768905694399566,3.240345807291514,10.29660868118073,14.259963483376351,10.58199497467091,9.303323700384883,8.815388213751044,10.299532671175244,11.26999103470824,17.404449175900467,3.1506399741161593,18.31705722884462,15.439419432773535,5.687044802911164,14.008335651069578,8.734440723341834,6.926322578551901,17.528284011195424,19.02916549970271,15.88871108368615
var,0.5,0.5,0.5,0.5,0.5,0.5,0.5,0.5,0.5,0.5,0.5,0.5,0.5,0.5,0.5,0.5,0.5,0.5,0.5,0.5,0.5,0.5,0.5,0.5
std,0.7071067811865476,0.7071067811865476,0.7071067811865476,0.7071067811865476,0.7071067811865476,0.7071067811865476,0.7071067811865476,0.7071067811865476,0.7071067811865476,0.7071067811865476,0.7071067811865476,0.7071067811865476,0.7071067811865476,0.7071067811865476,0.7071067811865476,0.7071067811865476,0.7071067811865476,0.7071067811865476,0.7071067811865476,0.7071067811865476,0.7071067811865476,0.7071067811865476,0.7071067811865476,0.7071067811865476
