row_num,country_0,country_1
0,96.6052641035362,123.99330744688714
1,95.4606627961961,121.75982813912384
2,87.23349768913904,107.73922607778078
3,97.8848385472332,123.2227264950019
4,92.98021515080373,123.27440733318679
5,89.45178415990583,119.57295530573532
6,106.36538970633094,125.32382155723279
7,105.720895016152,112.74352643682235
8,88.91034414148044,110.1742742421268
9,76.48036710077594,124.12977803203782
