parameter,province_0,province_1,province_2,province_3,province_4,province_5
mean,31.75141260492333,17.05917557412651,41.243479975758866,50.14223550013662,27.75721493479823,39.544449318310875
var,1.5,2.0,2.5,2.5,2.0,1.5
std,1.224744871391589,1.4142135623730951,1.5811388300841898,1.5811388300841898,1.4142135623730951,1.224744871391589
