parameter,country_0,country_1
mean,115.45947898358128,153.38386119680177
