parameter,province_0,province_1,province_2,province_3,province_4,province_5
mean,31.75141260492333,17.05917557412651,41.243479975758866,50.14223550013662,27.75721493479823,39.544449318310875
var,0.003,0.004,0.005,0.005,0.004,0.003
std,0.05477225575051661,0.06324555320336758,0.07071067811865475,0.07071067811865475,0.06324555320336758,0.05477225575051661
