parameter,region_0,region_1,region_2,region_3,region_4,region_5,region_6,region_7,region_8,region_9,region_10,region_11,region_12,region_13,region_14,region_15,region_16,region_17,region_18,region_19,region_20,region_21,region_22,region_23
mean,8.238735362654282,9.869313087913937,13.64336415435511,2.1716098864968707,3.9997652237330197,2.8958053052660935,7.991995158630528,10.854418071327364,8.198107481706767,7.274622672500193,6.922224821042421,7.994106929182121,8.694993525067062,13.125435515928114,2.8310177590838927,13.784541331943338,11.70624736811422,4.662865690991397,10.672686859105806,6.863762744635769,5.557899640065262,13.214871785863362,14.298841749785291,12.03073578266222
var,0.5,0.5,0.5,0.5,0.5,0.5,0.5,0.5,0.5,0.5,0.5,0.5,0.5,0.5,0.5,0.5,0.5,0.5,0.5,0.5,0.5,0.5,0.5,0.5
std,0.7071067811865476,0.7071067811865476,0.7071067811865476,0.7071067811865476,0.7071067811865476,0.7071067811865476,0.7071067811865476,0.7071067811865476,0.7071067811865476,0.7071067811865476,0.7071067811865476,0.7071067811865476,0.7071067811865476,0.7071067811865476,0.7071067811865476,0.7071067811865476,0.7071067811865476,0.7071067811865476,0.7071067811865476,0.7071067811865476,0.7071067811865476,0.7071067811865476,0.7071067811865476,0.7071067811865476
