parameter,province_0,province_1,province_2,province_3,province_4,province_5
mean,41.65580206835538,20.543473871867477,53.26020304335842,65.58155684634302,35.35614375587448,52.446160594584285
var,1.5,2.0,2.5,2.5,2.0,1.5
std,1.224744871391589,1.4142135623730951,1.5811388300841898,1.5811388300841898,1.4142135623730951,1.224744871391589
