parameter,province_0,province_1,province_2,province_3,province_4,province_5
mean,7.529374210826339,23.83133238357283,52.69743795201189,77.90170820333454,80.03963982982924,71.05797601520806
var,1.0030165213639257,9.662129204404971,35.96964787090703,76.82019978161274,99.0032652473337,102.19606030163831
std,1.0015071249691265,3.1083965648554193,5.997470122552261,8.764713331399536,9.950038454565576,10.109206709808555
