parameter,province_0,province_1,province_2,province_3,province_4,province_5
mean,31.75141260492333,17.05917557412651,41.243479975758866,50.14223550013662,27.75721493479823,39.544449318310875
var,4.597201829581126,4.0851734609444375,8.529536140994622,3.6982452908577956,8.683476977311548,4.774678645530211
std,2.144108632877804,2.021181204381348,2.9205369610731897,1.923082237154146,2.9467739949496545,2.1851038065799555
