parameter,region_0,region_1,region_2,region_3,region_4,region_5,region_6,region_7,region_8,region_9,region_10,region_11,region_12,region_13,region_14,region_15,region_16,region_17,region_18,region_19,region_20,region_21,region_22,region_23
mean,8.238735362654282,9.869313087913937,13.64336415435511,2.1716098864968707,3.9997652237330197,2.8958053052660935,7.991995158630528,10.854418071327364,8.198107481706767,7.274622672500193,6.922224821042421,7.994106929182121,8.694993525067062,13.125435515928114,2.8310177590838927,13.784541331943338,11.70624736811422,4.662865690991397,10.672686859105806,6.863762744635769,5.557899640065262,13.214871785863362,14.298841749785291,12.03073578266222
var,0.5095194134867252,3.9553826739857856,0.45003462784797077,0.5053867321690403,0.9993339614967518,0.40109531271792936,0.6646387631657434,0.6824455814796968,1.016522719934776,3.706494169116241,1.5029392479484207,1.1191470938041308,2.991023506344676,5.5157968715400045,3.225996076416928,0.5127946021602472,0.6467801433665883,1.9055352450695526,1.2657962224693236,1.4851059153409814,0.36337936059224524,0.46863208151114166,0.5117773047765484,1.022711325170396
std,0.7138062856873182,1.9888143890232155,0.6708462028274221,0.7109055719074372,0.999666925278991,0.6333208607948497,0.8152538029140026,0.8261026458495923,1.0082275139742893,1.9252257449754409,1.2259442270953522,1.0578974873796283,1.7294575757574038,2.348573369418125,1.7961058088032922,0.7160967826769278,0.8042264254341487,1.3804112593968338,1.125076096301634,1.218649217511332,0.6028095558235994,0.6845670759765924,0.7153861228571242,1.0112919089809806
