parameter,region_0,region_1,region_2,region_3,region_4,region_5,region_6,region_7,region_8,region_9,region_10,region_11,region_12,region_13,region_14,region_15,region_16,region_17,region_18,region_19,region_20,region_21,region_22,region_23
mean,8.238735362654282,9.869313087913937,13.64336415435511,2.1716098864968707,3.9997652237330197,2.8958053052660935,7.991995158630528,10.854418071327364,8.198107481706767,7.274622672500193,6.922224821042421,7.994106929182121,8.694993525067062,13.125435515928114,2.8310177590838927,13.784541331943338,11.70624736811422,4.662865690991397,10.672686859105806,6.863762744635769,5.557899640065262,13.214871785863362,14.298841749785291,12.03073578266222
var,0.3907710032781706,0.5680596219238231,3.6383712043791316,0.7423531605943988,0.7290065345557867,1.6411035422416995,0.9727102235525527,3.0744111006867536,0.6185653226967193,2.023017000832528,0.5183287304623793,2.2952139863162415,0.7170424986291781,0.5996291969169991,0.8878089692195554,1.1524741011426458,0.34129052494941725,0.45025367687057327,3.8131064488200153,0.42983500134669006,3.9902818502742705,2.5884675601379734,1.7459276610122167,0.4402834243800206
std,0.6251167917102937,0.753697301258153,1.9074514946333843,0.8615991879025878,0.8538187949183285,1.2810556358885041,0.986260727978435,1.7533998690221104,0.7864892387672696,1.422328021531084,0.7199505055643611,1.5149963651165113,0.8467836197218143,0.7743572798889407,0.9422361536364201,1.073533465311001,0.5842007574022968,0.6710094461857994,1.952717708431,0.6556180300652888,1.997568985110219,1.6088715175979633,1.3213355595806149,0.663538562843201
