parameter,province_0,province_1,province_2,province_3,province_4,province_5
mean,31.75141260492333,17.05917557412651,41.243479975758866,50.14223550013662,27.75721493479823,39.544449318310875
var,4.914936715320481,2.570454769549465,8.027548812283266,12.892391199828444,5.019816743472103,2.0031207114580862
std,2.2169656549708843,1.603263786639449,2.833292927369718,3.5905976104025417,2.240494754171967,1.4153164704256382
